domain,first_seen,last_seen,etld,id
ts.activeachievement.com.au,1499251020,1541497044,activeachievement.com.au,6527680
www.jarrahwealth.com.au,1477620540,1507388557,jarrahwealth.com.au,953485
www.staging1.egyptiancotton-sheets.com.au,1495278300,1508199305,egyptiancotton-sheets.com.au,509381
doddysplumbing.com.au,1523690160,1523690160,doddysplumbing.com.au,283870355
payneroadpandc.com.au,1088766528,1543536000,payneroadpandc.com.au,870786
heartfullyyou.com.au,1487153040,1515059828,heartfullyyou.com.au,1441306
www.fiscalsoftware.com.au,1492602960,1543166634,fiscalsoftware.com.au,1383904
nqminingservices.com.au,1386968788,1543260653,nqminingservices.com.au,39106215
kustomkegs.com.au,1492608660,1543119943,kustomkegs.com.au,1384253
portafilter.com.au,1511402708,1538966719,portafilter.com.au,68695966
southorangesecurestorage.com.au,1542238723,1542238723,southorangesecurestorage.com.au,648209122
*.buymyapartment.com.au,1281724129,1542672000,buymyapartment.com.au,762299
weightlossformums.com.au,1459138341,1459138341,weightlossformums.com.au,268041085
www.ashkids.com.au,1492607100,1543040089,ashkids.com.au,1383082
activebands.com.au,1508195671,1534103114,activebands.com.au,509715
webdisk.firstpointphysio.com.au,1492387200,1539388800,firstpointphysio.com.au,13772515
www.firstcoatstudios.com.au,1517270441,1543172871,firstcoatstudios.com.au,204766477
cpanel.advancerecords.com.au,1531699200,1538265600,advancerecords.com.au,442515271
www.siberapp.b-spot.com.au,1517270748,1517270748,b-spot.com.au,204766533
mail.bespokeapartments.com.au,1508195940,1541908868,bespokeapartments.com.au,509726
webmail.hilltops.com.au,1532995200,1532995200,hilltops.com.au,451808699
marksmithfca.com.au,1459138341,1459138341,marksmithfca.com.au,268041129
gunwarehouse.com.au,1459138341,1459138341,gunwarehouse.com.au,268041220
routson.com.au,1459138341,1459138341,routson.com.au,268041479
bigprintcentral.com.au,1459138341,1459138341,bigprintcentral.com.au,268041612
melolife.com.au,1477824900,1507385371,melolife.com.au,953562
www.lab-9.com.au,1517270294,1517270294,lab-9.com.au,204766448
mail.sciencefictionandfantasy.com.au,1507853116,1539609025,sciencefictionandfantasy.com.au,509431
siberapp.b-spot.com.au,1517270748,1517270748,b-spot.com.au,204766531
southportchiropractor.com.au,1487777809,1542254604,southportchiropractor.com.au,19751252
beenoticedsignsdesigns.com.au,1496527500,1543172363,beenoticedsignsdesigns.com.au,92647
gordonavenuearc.com.au,1459138341,1459138341,gordonavenuearc.com.au,268041798
osteopathyvermont.com.au,1508195784,1539518998,osteopathyvermont.com.au,509719
mail.leatherpoint.com.au,1525369986,1541264093,leatherpoint.com.au,318605301
tiply.com.au,1459138341,1459138341,tiply.com.au,268041854
fancourt-com-au.fancourtdebtrecovery.com.au,1527126419,1539977034,fancourtdebtrecovery.com.au,372591145
webmail.uncommonsense.com.au,1533839056,1539108193,uncommonsense.com.au,467959781
ww11.babble.com.au,1527064994,1527064994,babble.com.au,426180003
www.royaleglobal.com.au,1517270399,1543172925,royaleglobal.com.au,204766463
www.adrenalinehit.com.au,1469619247,1540684800,adrenalinehit.com.au,2836010
minelab.webtemplate.com.au,1472073656,1542340594,webtemplate.com.au,509458
sm.flyingwoks.com.au,1501025040,1515367266,flyingwoks.com.au,509722
www.gcspine.ionline.com.au,1526169600,1539302400,ionline.com.au,336498376
autodiscover.stfabersgreen.com.au,1493895840,1542361394,stfabersgreen.com.au,294763
milieuxinteriors.com.au,1453929060,1539511230,milieuxinteriors.com.au,953651
www.firewoodsydney.com.au,1526256000,1539388800,firewoodsydney.com.au,340765947
autodiscover.addell.com.au,1507023756,1538649795,addell.com.au,119922
www.cigeze.com.au,1041379208,1539518387,cigeze.com.au,1072782
qmrc.com.au,1523684978,1540965246,qmrc.com.au,283875815
greenaway-hi-vis-safety-silt-fence.com.au,1507853961,1524704675,greenaway-hi-vis-safety-silt-fence.com.au,509593
mail.hi-vis-safety-silt-fence.com.au,1507853961,1524704675,hi-vis-safety-silt-fence.com.au,509591
mail.hilltops.com.au,1532995200,1532995200,hilltops.com.au,451808695
webmail.belvedere-apartments.com.au,1499190120,1539434124,belvedere-apartments.com.au,495942
www.firstpointphysio.com.au,1467106297,1539388800,firstpointphysio.com.au,2729644
test.halligansfitness.com.au,1526169600,1539302400,halligansfitness.com.au,336498380
www.foodwinetours.com.au,1523685157,1539226445,foodwinetours.com.au,283875856
featherandnoisecom-demo-v2.crystalwebdesigns.com.au,1534809600,1542672000,crystalwebdesigns.com.au,477933636
lsb.webocity.com.au,1523685046,1540540852,webocity.com.au,283875823
webmail.tenantreferenceaustralia.com.au,1525478400,1541509941,tenantreferenceaustralia.com.au,320153686
www.baanyabiami.com.au,1436040632,1542170405,baanyabiami.com.au,1126005
mail.newcastleprinterrepairs.com.au,1536537600,1543104000,newcastleprinterrepairs.com.au,498485242
www.tenantreferenceaustralia.com.au,1525478400,1541509941,tenantreferenceaustralia.com.au,320153698
cpanel.tenantreferenceaustralia.com.au,1525478400,1541509941,tenantreferenceaustralia.com.au,320153692
drillchan.com.au,1508193133,1542042195,drillchan.com.au,509430
adorneventhire.com.au,1369003610,1542666245,adorneventhire.com.au,31661253
www.adpa.com.au,1368853961,1542274345,adpa.com.au,201472
babaluminium.com.au,1369263328,1542443205,babaluminium.com.au,33098194
azurehampton.com.au,1527211818,1537316270,azurehampton.com.au,426179475
ba-uat.com.au,1526856733,1542804148,ba-uat.com.au,426179987
b-townkids.com.au,1527421895,1542635162,b-townkids.com.au,426179481
babiesonline.com.au,1527217679,1542598327,babiesonline.com.au,426180134
www.baby-bedding.com.au,1248151510,1542759277,baby-bedding.com.au,644971
www.babyandewe.com.au,1394651899,1542269353,babyandewe.com.au,33060304
friendlyproperties.com.au,1104537600,1542758400,friendlyproperties.com.au,781415
mail.dunwelds.com.au,1492473600,1539561600,dunwelds.com.au,16933488
webmail.lumine.com.au,1493896320,1541497761,lumine.com.au,294870
livelifegorgeous.com.au,1487151720,1542580019,livelifegorgeous.com.au,1441508
mail.apdpainters.com.au,1527120000,1543118749,apdpainters.com.au,373812859
www.torbreckelectrical.com.au,1477383900,1539513416,torbreckelectrical.com.au,953578
strategic-selling.com.au,1459138341,1459138341,strategic-selling.com.au,268041966
katewiseart.com.au,1523692444,1523692444,katewiseart.com.au,283870402
bloompropertygroup.com.au,1517271034,1543173335,bloompropertygroup.com.au,204766562
autodiscover.fancourt.com.au,1527126419,1527126419,fancourt.com.au,372591131
www.iboat.com.au,1371677859,1542379353,iboat.com.au,479610
webmail.gsprofessionals.com.au,1508193828,1539853582,gsprofessionals.com.au,509512
webdisk.byronnaturally.com.au,1466839410,1508284800,byronnaturally.com.au,63585
www.southperthtaekwondo.com.au,1505840587,1542883874,southperthtaekwondo.com.au,412809
www.shewolfpr.com.au,1516924800,1537660800,shewolfpr.com.au,204779718
mail.respect.org.au,1531180800,1537747200,respect.org.au,438729590
flirteegolf.com.au,1459138341,1459138341,flirteegolf.com.au,268042010
dev.auth.cccs.yvw.com.au,1517270400,1517270400,yvw.com.au,204758813
autodiscover.woym.com.au,1519689600,1539388800,woym.com.au,256956524
cms.gatewaybank.com.au,1517270400,1519862400,gatewaybank.com.au,204776898
gettraction.com.au,1469906967,1543173323,gettraction.com.au,872952
www.adtfreight.com.au,1104537600,1541499261,adtfreight.com.au,1446492
webdisk.gobows.com.au,1533839110,1539108727,gobows.com.au,467959782
www.melbournelaserderm.com.au,1538092800,1538092800,melbournelaserderm.com.au,514399043
www.sonogandesign.com.au,1481427240,1539517919,sonogandesign.com.au,1072660
carnegieglobal.com.au,1459138341,1459138341,carnegieglobal.com.au,268042426
csdpaintingdecorating.com.au,1459138341,1459138341,csdpaintingdecorating.com.au,268042750
coomerafn.com.au,1459139246,1459139246,coomerafn.com.au,268048468
pierrebrush.com.au,1492613340,1508195741,pierrebrush.com.au,1384249
daneporter-m2fh1.pinguino.com.au,1517270822,1517270822,pinguino.com.au,204766538
www.bridgetownlawyers.com.au,1536255740,1541404078,bridgetownlawyers.com.au,495470008
webmail.embedit.com.au,1533839080,1539188242,embedit.com.au,467959798
saltandfuessel.com.au,1464265957,1542219285,saltandfuessel.com.au,104579
cpanel.wyndham-asia-competition.ionline.com.au,1526169600,1539302400,ionline.com.au,336498379
shewolfpr.com.au,1516924800,1537660800,shewolfpr.com.au,204779716
www.sitedrive.com.au,1481427120,1539517564,sitedrive.com.au,1072731
webmail.wcwin.com.au,1517267834,1543671544,wcwin.com.au,204748377
amazonau.kmddev.com.au,1508196004,1515441857,kmddev.com.au,509737
simplyhampers-com-au.staging.precedence.com.au,1508193797,1518327590,precedence.com.au,509514
mail.wyndham-asia-competition.ionline.com.au,1526169600,1539302400,ionline.com.au,336498381
mail.redlicorice.com.au,1490596260,1541894616,redlicorice.com.au,509757
webmail.firewoodsydney.com.au,1526256000,1539388800,firewoodsydney.com.au,340765945
webmail.apdpainters.com.au,1527120000,1543118749,apdpainters.com.au,373812862
webdisk.woym.com.au,1519689600,1539388800,woym.com.au,256956516
southofthewall.com.au,1502357760,1542279240,southofthewall.com.au,1266176
firstcoatstudios.com.au,1517270458,1543172882,firstcoatstudios.com.au,204766482
webdisk.tenantreferenceaustralia.com.au,1525478400,1541509941,tenantreferenceaustralia.com.au,320153697
mail.balletacademynorthside.com.au,1262332802,1543412175,balletacademynorthside.com.au,267563
www.enjoyhome.com.au,1527149183,1536019200,enjoyhome.com.au,373812776
mail.pqautomotive.com.au,1526169600,1539302400,pqautomotive.com.au,336498384
mail.firewoodsydney.com.au,1526256000,1539388800,firewoodsydney.com.au,340765957
mail.billyguyattscomau-demo-v2.crystalwebdesigns.com.au,1534809600,1542672000,crystalwebdesigns.com.au,477933604
wrap.gatewaybank.com.au,1517270400,1519862400,gatewaybank.com.au,204776900
www.woym.com.au,1519689600,1539388800,woym.com.au,256956520
www.staging8.chrisantico.com.au,1517270881,1520977707,chrisantico.com.au,204766551
grousegallery.com.au,1508195462,1542045332,grousegallery.com.au,509696
www.taliaandco.com.au,1477364460,1502026020,taliaandco.com.au,953622
www.gsprofessionals.com.au,1508193828,1539853582,gsprofessionals.com.au,509513
www.fishski.com.au,1479513600,1543363200,fishski.com.au,3183754
www.kinesiologywithjoelandanneke.com.au,1477547700,1512737205,kinesiologywithjoelandanneke.com.au,953670
preahkomaitland.com.au,1508194462,1539282779,preahkomaitland.com.au,509602
www.youarecreative.com.au,1528605952,1538966783,youarecreative.com.au,406008322
www.australianprotectionsymposium.com.au,1479081600,1543104000,australianprotectionsymposium.com.au,2848160
prizedpieces.com.au,1511913600,1543190400,prizedpieces.com.au,96416688
www.kustomkegs.com.au,1492608660,1543119943,kustomkegs.com.au,1384218
www.ticatenantreferenceaustralia.com.au,1525478400,1541509941,ticatenantreferenceaustralia.com.au,320153687
hydroconcept.com.au,1508195288,1542194563,hydroconcept.com.au,509675
induendumtechnologies.com.au,1382826569,1488931200,induendumtechnologies.com.au,1138279
adsbill.com.au,1518999383,1542075370,adsbill.com.au,331836793
adrianwong.com.au,1519232321,1534782628,adrianwong.com.au,331836715
www.autowreckersperth.com.au,1406754888,1542330437,autowreckersperth.com.au,9909364
aynatdesigns.com.au,1439769600,1542383735,aynatdesigns.com.au,773535
babiesdirect.com.au,1527355730,1542064025,babiesdirect.com.au,426180215
www.babicolourlounge.com.au,1464751592,1542210171,babicolourlounge.com.au,33094241
autodiscover.australiaselect.com.au,1492972140,1538684285,australiaselect.com.au,94718
saltandpaper.com.au,1478086500,1539521717,saltandpaper.com.au,953663
webmail.healthanpersonal.com.au,1508196163,1541199158,healthanpersonal.com.au,509748
www.sneakerrise.com.au,1355313663,1543290128,sneakerrise.com.au,782299
ridgewood.3cx.com.au,1528606132,1534557495,3cx.com.au,406008520
www.matthewsyres.com.au,1490441505,1542796726,matthewsyres.com.au,1378774
www.fnew.com.au,1526256000,1539388800,fnew.com.au,340765983
cpanel.uncommonsense.com.au,1533839056,1539108193,uncommonsense.com.au,467959789
webdisk.oronb2b.com.au,1530640446,1530640446,oronb2b.com.au,434672607
www.scpa.com.au,1499644800,1539957202,scpa.com.au,19845331
*.cheapfleacontrol.com.au,1421914461,1518307200,cheapfleacontrol.com.au,1314624
healthanpersonal.com.au,1508196163,1541199158,healthanpersonal.com.au,509750
*.matthewpurvis.com.au,1499385600,1539388800,matthewpurvis.com.au,959314
www.nicklessmillermeehans.com.au,1386752942,1542993893,nicklessmillermeehans.com.au,39263032
*.test.sws.education.nsw.gov.au,1517262383,1517262383,nsw.gov.au,204681436
cpanel.mbss.org.au,1522201971,1543272281,mbss.org.au,268042925
localareaexpert.com.au,1503964800,1539388800,localareaexpert.com.au,648040
dev.data.cccs.yvw.com.au,1517270400,1517270400,yvw.com.au,204758801
webmail.fnew.com.au,1526256000,1539388800,fnew.com.au,340765993
www.webmail.donateonline.com.au,1527126745,1542728846,donateonline.com.au,372591203
mail.telstralakesentrance.com.au,1518183275,1539351501,telstralakesentrance.com.au,213371560
ib.gatewaybank.com.au,1517270400,1519862400,gatewaybank.com.au,204776901
webmail.byronnaturally.com.au,1466839410,1508284800,byronnaturally.com.au,63586
www.scifire.com.au,1358938653,1541855150,scifire.com.au,1466130
www.geekdaddy.com.au,1478137740,1528813114,geekdaddy.com.au,953672
hbcf.gbuild.gallagherbassett.com.au,1517270400,1517270400,gallagherbassett.com.au,204779721
www.lawesome.com.au,1522201424,1542993302,lawesome.com.au,268042806
mail.hbdigitalcomau-billyguyatts-v2.crystalwebdesigns.com.au,1534809600,1542672000,crystalwebdesigns.com.au,477933627
www.graemenoble.id.au,1518183898,1538952548,graemenoble.id.au,213371738
cpanel.berrypop.com.au,1507023819,1507023819,berrypop.com.au,119955
www.somelittlewogspizzacatering.com.au,1512476362,1543586322,somelittlewogspizzacatering.com.au,99016714
revenuegrowthiq.com.au,1460624514,1460624514,revenuegrowthiq.com.au,283871580
platform.gatewaybank.com.au,1517270400,1519862400,gatewaybank.com.au,204776899
mail.shewolfpr.com.au,1516924800,1537660800,shewolfpr.com.au,204779717
www.adultdolls.com.au,1524460435,1540360577,adultdolls.com.au,331837939
www.innovation.woodwarkbay.com.au,1527126585,1540716821,woodwarkbay.com.au,372591193
southportmazda.com.au,1542573468,1542573468,southportmazda.com.au,648209171
webmail.gobows.com.au,1533839110,1539108727,gobows.com.au,467959784
thewodentradies.com.au,1460624514,1460624514,thewodentradies.com.au,283871701
thetradiesgroup.net.au,1460624514,1460624514,thetradiesgroup.net.au,283871767
autodiscover.berrypop.com.au,1507023819,1507023819,berrypop.com.au,119954
webdisk.warrengibson.com.au,1495124820,1542720868,warrengibson.com.au,2076363
msp.m2digital.com.au,1495411800,1534113464,m2digital.com.au,1388889
webdisk.embedit.com.au,1533839080,1539188242,embedit.com.au,467959807
www.siberapp.saloninovo.com.au,1517271044,1533514586,saloninovo.com.au,204766565
webmail.oronb2b.com.au,1530640446,1530640446,oronb2b.com.au,434672608
www.donovanlee.com.au,1498767600,1542975172,donovanlee.com.au,132252
cupofmetime.com.au,1523687926,1539235542,cupofmetime.com.au,283833421
services.humebank.com.au,1517270400,1517270400,humebank.com.au,204776612
cleimpp01perd.ccla.com.au,1538092800,1538092800,ccla.com.au,514383948
nxtgeneng.com.au,1262260080,1539264906,nxtgeneng.com.au,16435788
cpanel.gobows.com.au,1533839110,1539108727,gobows.com.au,467959778
xmpp.djc.id.au,1454128800,1542663392,djc.id.au,1384715
